{
  "train_bpr_losses": [
    0.6680010890986153,
    0.49402728448179367,
    0.3417081051209102
  ],
  "valid_ndcg_at_10": [
    0.09093502111306301,
    0.09079718183970341,
    0.09085816919264694
  ],
  "valid_recall_at_10": [
    0.09774456421900651,
    0.09756956421900652,
    0.09763623088567319
  ]
}