{
  "train_losses": [
    3.5922221379174126,
    2.6909939075893825,
    2.223157643085056,
    1.918233391655816,
    1.7183117120742797,
    1.5590470298343235,
    1.4466609624226887,
    1.3408790393193564,
    1.2508291444778443,
    1.1641072415245903,
    1.0910404419793023,
    1.030890063603719,
    0.9716567461013794,
    0.9296080785751343,
    0.8643677528328366,
    0.8183454004075792,
    0.7757515819655524,
    0.7340852860768636,
    0.7033404294755724,
    0.6600106025801764
  ],
  "train_accuracies": [
    0.14057777777777777,
    0.29475555555555555,
    0.39366666666666666,
    0.46582222222222225,
    0.5148888888888888,
    0.5558444444444445,
    0.5819111111111112,
    0.6093333333333333,
    0.6301777777777777,
    0.6556222222222222,
    0.6752222222222222,
    0.6902444444444444,
    0.7055111111111111,
    0.7188,
    0.7339111111111111,
    0.7475555555555555,
    0.7606,
    0.7725111111111111,
    0.7787555555555555,
    0.7928444444444445
  ],
  "valid_losses": [
    2.944167716217041,
    2.881463520050049,
    2.1753812377929687,
    1.8845835006713867,
    1.7792734439849853,
    1.7412170610427857,
    1.7199471313476562,
    1.4869168153762817,
    1.4706459228515625,
    1.578087470626831,
    1.4748297454833985,
    1.3935011474609376,
    1.3739211750030518,
    1.3961118278503417,
    1.5042762950897217,
    1.3769301248550414,
    1.387471068382263,
    1.455246407699585,
    1.4229562313079833,
    1.3073757259368897
  ],
  "valid_accuracies": [
    0.2468,
    0.3058,
    0.4216,
    0.4808,
    0.509,
    0.5248,
    0.5354,
    0.5814,
    0.5958,
    0.5796,
    0.5954,
    0.6244,
    0.63,
    0.6212,
    0.619,
    0.645,
    0.6384,
    0.6312,
    0.6404,
    0.6708
  ]
}