{
  "train_losses": [
    4.588753625458362,
    4.34066229240567,
    4.205187092575373,
    4.108940139471316,
    3.9994560204300225,
    3.92052498144262,
    3.847004720276477,
    3.7754711487713983,
    3.6993147045958277,
    3.6043736682218666,
    3.530143228231692,
    3.458330232021855,
    3.3794753803926354,
    3.302657308765486,
    3.290991246466543,
    3.1896385239619836,
    3.128544505437215,
    3.096422878901164,
    3.0174625658521466,
    2.9318011985105628,
    2.892847767063216,
    2.837090162202424,
    2.7828551507463644,
    2.7447555495243448,
    2.666490422043146,
    2.6033968860027836,
    2.561868928460514,
    2.5324747683955176,
    2.4777264454785515,
    2.4554430522170723,
    2.398652662015429,
    2.316650270948223,
    2.2715823229621437,
    2.2225640203438553,
    2.130347241607367,
    2.132612943649292,
    2.1387620579962636,
    2.045977942616332,
    2.0394072813146256,
    2.0518422472710705,
    1.9134435144125246,
    1.8707121783611822,
    1.8859778497733322,
    1.8601924821442248,
    1.8158620380887798,
    1.7618298610051473,
    1.7434680129967484,
    1.710358090026706,
    1.7810197993820789,
    1.7154174360574461,
    1.5968144912345736,
    1.5952988386154174,
    1.644410846747604,
    1.569237088689617,
    1.523531775381051,
    1.5533910251131244,
    1.5118958590077418,
    1.4769186898773792,
    1.4345374013863357,
    1.3798690861346674,
    1.3644259934331857,
    1.2947107104694142,
    1.2614490616555307,
    1.250501189512365,
    1.2278081010369692,
    1.2117191740110809,
    1.1858501167858349,
    1.2010133028030396,
    1.1391640275132422,
    1.1021254534814873,
    1.0962995870440615,
    1.088313085892621,
    1.058772489603828,
    1.1144378288119448,
    1.1389790838839962,
    1.0715875775206323,
    1.0606536505269069,
    1.0890648907306149,
    0.9751474286995682,
    1.021441333434161
  ],
  "train_accuracies": [
    0.0196078431372549,
    0.05784313725490196,
    0.058823529411764705,
    0.07450980392156863,
    0.08529411764705883,
    0.10294117647058823,
    0.11568627450980393,
    0.12156862745098039,
    0.15196078431372548,
    0.17254901960784313,
    0.19411764705882353,
    0.19117647058823528,
    0.20784313725490197,
    0.2235294117647059,
    0.2323529411764706,
    0.2607843137254902,
    0.27058823529411763,
    0.2519607843137255,
    0.28627450980392155,
    0.30980392156862746,
    0.32745098039215687,
    0.3215686274509804,
    0.34411764705882353,
    0.3480392156862745,
    0.3637254901960784,
    0.3715686274509804,
    0.3931372549019608,
    0.39019607843137255,
    0.39705882352941174,
    0.4166666666666667,
    0.42549019607843136,
    0.42254901960784313,
    0.4470588235294118,
    0.4676470588235294,
    0.4931372549019608,
    0.49411764705882355,
    0.4725490196078431,
    0.4970588235294118,
    0.5049019607843137,
    0.49117647058823527,
    0.5352941176470588,
    0.5264705882352941,
    0.538235294117647,
    0.55,
    0.55,
    0.5774509803921568,
    0.5735294117647058,
    0.5607843137254902,
    0.5558823529411765,
    0.5774509803921568,
    0.6274509803921569,
    0.6058823529411764,
    0.5696078431372549,
    0.6166666666666667,
    0.6313725490196078,
    0.6137254901960785,
    0.6294117647058823,
    0.6196078431372549,
    0.6607843137254902,
    0.6696078431372549,
    0.6568627450980392,
    0.6852941176470588,
    0.6892156862745098,
    0.6872549019607843,
    0.7058823529411765,
    0.7009803921568627,
    0.7049019607843138,
    0.7088235294117647,
    0.7294117647058823,
    0.7362745098039216,
    0.7411764705882353,
    0.7382352941176471,
    0.7313725490196078,
    0.7274509803921568,
    0.707843137254902,
    0.7519607843137255,
    0.7362745098039216,
    0.734313725490196,
    0.7588235294117647,
    0.7715686274509804
  ],
  "valid_losses": [
    4.404109090917251,
    4.263570484460569,
    4.1596467897003775,
    4.070513448528215,
    3.9956498183456124,
    3.92486478768143,
    3.859583604102041,
    3.782727134928984,
    3.724408395617616,
    3.6467998859929103,
    3.6045819263832244,
    3.536633831846948,
    3.5004348081700942,
    3.44107268744824,
    3.4015343740874644,
    3.360141309102376,
    3.321493399376963,
    3.2713932467441933,
    3.2047255665648215,
    3.1649252704545563,
    3.1360960128260595,
    3.090096611135146,
    3.076110252679563,
    3.0395410388123754,
    3.0345175097970403,
    2.9625140788508397,
    2.9391683709387686,
    2.8995324770609536,
    2.8958452785716338,
    2.8847135936512665,
    2.8386016742855893,
    2.837674672930848,
    2.8246970644184186,
    2.8120661352194993,
    2.78443455509111,
    2.765998617808024,
    2.740687489042095,
    2.745018610299802,
    2.7539523292990293,
    2.7285395912095614,
    2.722611145879708,
    2.7114992842954746,
    2.692004710552739,
    2.681766622206744,
    2.678721683165606,
    2.6799619020200245,
    2.6955988575430476,
    2.6714135459825106,
    2.7554285152285707,
    2.6260923086428174,
    2.660897859872556,
    2.6694198346605487,
    2.667909269706876,
    2.6449851718603394,
    2.702808117399029,
    2.675940169540106,
    2.655350223242068,
    2.6381195760240743,
    2.6398263295491535,
    2.640806203729966,
    2.6458388749290913,
    2.6662734910553576,
    2.7169363900726915,
    2.6577860327327953,
    2.685779946458106,
    2.6428329832413615,
    2.6535754063550163,
    2.656500172147564,
    2.6664082143820966,
    2.657447977627025,
    2.6608887419981113,
    2.6485804090312883,
    2.710825730305092,
    2.680246810352101,
    2.70971843214596,
    2.6984670545540603,
    2.7486959242353253,
    2.7003748781540815,
    2.755049737294515,
    2.724117244458666
  ],
  "valid_accuracies": [
    0.04411764705882353,
    0.05196078431372549,
    0.06568627450980392,
    0.07745098039215687,
    0.08823529411764706,
    0.11764705882352941,
    0.11176470588235295,
    0.13725490196078433,
    0.1411764705882353,
    0.14411764705882352,
    0.16568627450980392,
    0.16470588235294117,
    0.17647058823529413,
    0.20490196078431372,
    0.20784313725490197,
    0.20588235294117646,
    0.21176470588235294,
    0.22450980392156863,
    0.23627450980392156,
    0.2549019607843137,
    0.2568627450980392,
    0.257843137254902,
    0.2607843137254902,
    0.2676470588235294,
    0.2568627450980392,
    0.2833333333333333,
    0.2931372549019608,
    0.29411764705882354,
    0.2901960784313726,
    0.3029411764705882,
    0.31176470588235294,
    0.29901960784313725,
    0.31470588235294117,
    0.30196078431372547,
    0.3058823529411765,
    0.3264705882352941,
    0.3088235294117647,
    0.31862745098039214,
    0.3127450980392157,
    0.30392156862745096,
    0.3382352941176471,
    0.346078431372549,
    0.3284313725490196,
    0.3509803921568627,
    0.3509803921568627,
    0.3352941176470588,
    0.3431372549019608,
    0.34705882352941175,
    0.3264705882352941,
    0.353921568627451,
    0.353921568627451,
    0.35980392156862745,
    0.34509803921568627,
    0.35980392156862745,
    0.3392156862745098,
    0.3558823529411765,
    0.3656862745098039,
    0.35784313725490197,
    0.37941176470588234,
    0.35294117647058826,
    0.35784313725490197,
    0.36764705882352944,
    0.353921568627451,
    0.3715686274509804,
    0.36764705882352944,
    0.3686274509803922,
    0.36176470588235293,
    0.3627450980392157,
    0.37941176470588234,
    0.37745098039215685,
    0.3637254901960784,
    0.37549019607843137,
    0.3735294117647059,
    0.38235294117647056,
    0.37058823529411766,
    0.3696078431372549,
    0.3715686274509804,
    0.3656862745098039,
    0.3637254901960784,
    0.3656862745098039
  ]
}