{
  "train_losses": [
    6.245611239669277,
    6.072339917349475,
    5.863661298186162
  ],
  "train_recall_at_1": [
    0.0017765265508203087,
    0.004363654014173381,
    0.007722551208620522
  ],
  "train_recall_at_10": [
    0.019731094068537035,
    0.041811474614115135,
    0.07078438986506165
  ],
  "train_recall_at_5": [
    0.010057275992622076,
    0.02130861081448403,
    0.03662751189204932
  ],
  "train_retrieval_accuracies": [
    0.0017765265508203087,
    0.004363654014173381,
    0.007722551208620522
  ],
  "valid_losses": [
    6.229109012921355,
    5.910228611186781,
    5.808006568220174
  ],
  "valid_recall_at_1": [
    0.0020580925753339546,
    0.007999378689033861,
    0.009397328362845604
  ],
  "valid_recall_at_10": [
    0.024580615097856476,
    0.0648493320907114,
    0.08391581236408822
  ],
  "valid_recall_at_5": [
    0.011727244485865176,
    0.03494874184529357,
    0.04500621310966139
  ],
  "valid_retrieval_accuracies": [
    0.0020580925753339546,
    0.007999378689033861,
    0.009397328362845604
  ]
}