{
  "train_accuracies": [
    0.5739625,
    0.6891875,
    0.747275,
    0.7793625,
    0.801,
    0.8148875
  ],
  "train_aucs": [
    0.609620313672826,
    0.7503536950844837,
    0.8175118089189749,
    0.8547992136727148,
    0.87757403854883,
    0.8922141228882374
  ],
  "train_losses": [
    0.6719220746040344,
    0.5874008769989014,
    0.518992649269104,
    0.4714786790847778,
    0.4386142467498779,
    0.41428844289779665
  ],
  "valid_accuracies": [
    0.6511,
    0.7325,
    0.7658,
    0.7881,
    0.7979,
    0.8096
  ],
  "valid_aucs": [
    0.7144397372414318,
    0.8057455556771557,
    0.8425512192327803,
    0.8661719743500635,
    0.8773637615128074,
    0.885422926670673
  ],
  "valid_losses": [
    0.6186680115699769,
    0.5324349851608277,
    0.4888701617717743,
    0.45554121594429015,
    0.44104627504348753,
    0.42686827898025514
  ]
}