{
  "train_accuracies": [
    0.8123125,
    0.854175,
    0.870875
  ],
  "train_aucs": [
    0.8849419914108652,
    0.9293824731512236,
    0.9423927687771894
  ],
  "train_losses": [
    0.434707142162323,
    0.3363961950302124,
    0.30482432409922283
  ],
  "valid_accuracies": [
    0.8485666666666667,
    0.8539333333333333,
    0.8648333333333333
  ],
  "valid_aucs": [
    0.9270780641057337,
    0.9306641074002984,
    0.9377982716618657
  ],
  "valid_losses": [
    0.34461595094998676,
    0.336165158255895,
    0.32265694824854535
  ]
}