{
  "train_accuracies": [
    0.801825,
    0.8441583333333333,
    0.8683375
  ],
  "train_aucs": [
    0.8779504909578307,
    0.9207704808660752,
    0.9398712152206792
  ],
  "train_losses": [
    0.4473619865735372,
    0.3574457101345062,
    0.31121968587239585
  ],
  "valid_accuracies": [
    0.8278333333333333,
    0.8491333333333333,
    0.8593333333333333
  ],
  "valid_aucs": [
    0.90652626479518,
    0.923204100011389,
    0.9314324650901808
  ],
  "valid_losses": [
    0.3884800821940104,
    0.35232286868095397,
    0.3340133012294769
  ]
}