{
  "train_accuracies": [
    0.58665,
    0.70425,
    0.7595,
    0.7905,
    0.813925,
    0.826575,
    0.8362875,
    0.845075,
    0.8527875,
    0.8588625,
    0.8638125,
    0.8726625,
    0.875625,
    0.88275,
    0.887275,
    0.89295,
    0.89835,
    0.9021875,
    0.9081375,
    0.9129375
  ],
  "train_aucs": [
    0.6269051198122971,
    0.7717571224646915,
    0.8378614662069604,
    0.872043348534504,
    0.8930354325097413,
    0.9050912435277276,
    0.9143320885672778,
    0.9210802572227501,
    0.927995470366917,
    0.9322288644982709,
    0.9361613021747863,
    0.9412235587452846,
    0.944632884503257,
    0.9488276067332898,
    0.9518093790752586,
    0.9551821010583176,
    0.9579208538598811,
    0.9606019778722212,
    0.9641539384147744,
    0.9667389411116918
  ],
  "train_aux_losses": [
    0.6027842883110046,
    0.4296611847877502,
    0.31691692991256715,
    0.24327529752254487,
    0.19399927005767822,
    0.15922605376243593,
    0.13330499912500382,
    0.11342135125398636,
    0.09795989946126937,
    0.0859452241063118,
    0.07640501666069031,
    0.06841240357160568,
    0.06166416658759117,
    0.056062438982725143,
    0.05185814812779427,
    0.04779520809650421,
    0.04443550809025765,
    0.04155479727983475,
    0.0391205467581749,
    0.036945535695552825
  ],
  "train_ctr_losses": [
    0.6662768789291382,
    0.5707916228294373,
    0.4971741563796997,
    0.44857088813781737,
    0.41369765992164614,
    0.39104382581710817,
    0.371500652217865,
    0.3564478015422821,
    0.33938577728271485,
    0.32781165347099306,
    0.3168657162189484,
    0.30261267256736757,
    0.2919507231712341,
    0.2791293293476105,
    0.2696413228988647,
    0.25780652198791504,
    0.24746991863250734,
    0.2380405292749405,
    0.22551139888763427,
    0.2159577867269516
  ],
  "train_total_losses": [
    0.7265553078651428,
    0.6137577421188355,
    0.5288658485412597,
    0.47289841842651364,
    0.4330975873947144,
    0.4069664300918579,
    0.3848311517238617,
    0.3677899358510971,
    0.3491817672729492,
    0.3364061751365662,
    0.3245062180519104,
    0.30945391335487366,
    0.29811714034080505,
    0.28473557295799257,
    0.27482713742256165,
    0.26258604145050046,
    0.25191347050666807,
    0.24219600870609284,
    0.2294234529018402,
    0.2196523410797119
  ],
  "valid_accuracies": [
    0.6652,
    0.7415,
    0.7775,
    0.794,
    0.8083,
    0.8122,
    0.8201,
    0.8187,
    0.8226,
    0.818,
    0.8205,
    0.8216,
    0.8143,
    0.8148,
    0.8191,
    0.8167,
    0.8118,
    0.8152,
    0.8137,
    0.8125
  ],
  "valid_aucs": [
    0.7285311862599592,
    0.819522684494518,
    0.8575197088126136,
    0.8772356014307849,
    0.8879997083198133,
    0.8940913722184782,
    0.898382674964912,
    0.8998305958915813,
    0.9031635980247027,
    0.9034354781987061,
    0.9040505185923319,
    0.9034973582383092,
    0.9015970770221293,
    0.9019211972295662,
    0.9009262965928299,
    0.8990637754008163,
    0.897840154617699,
    0.8971910742022875,
    0.8957688532920661,
    0.8949281527540177
  ],
  "valid_aux_losses": [
    0.5075796745300293,
    0.3685391923904419,
    0.2782432581424713,
    0.21929649889469147,
    0.17872361783981322,
    0.14870897517204285,
    0.12663746025562286,
    0.10911403404474258,
    0.09514672621488571,
    0.08444241141080856,
    0.07617721945047379,
    0.06817272073030471,
    0.06188147783279419,
    0.05686826995015144,
    0.05283431106209755,
    0.04877651417851448,
    0.045670906680822375,
    0.043024640560150144,
    0.040366326278448106,
    0.03811368326544762
  ],
  "valid_ctr_losses": [
    0.6119727078437806,
    0.5208586556434631,
    0.46970100440979,
    0.4398934371471405,
    0.42380587425231936,
    0.41222720055580137,
    0.40658209195137024,
    0.40815573239326475,
    0.4002486656665802,
    0.4021624752521515,
    0.4073865455150604,
    0.4154525404930115,
    0.4249138840675354,
    0.4296775297164917,
    0.44901292996406555,
    0.458186190700531,
    0.49383284759521484,
    0.5065907486438751,
    0.5432538444519043,
    0.5881542855262757
  ],
  "valid_total_losses": [
    0.6627306697845459,
    0.557712572479248,
    0.49752532835006713,
    0.4618230893611908,
    0.4416782368183136,
    0.4270980984687805,
    0.41924583811759947,
    0.4190671381950378,
    0.4097633354187012,
    0.4106067172050476,
    0.4150042691230774,
    0.42226981234550476,
    0.4311020308971405,
    0.4353643552303314,
    0.4542963581085205,
    0.46306384315490723,
    0.49839994354248046,
    0.5108932161808014,
    0.5472904767990112,
    0.591965653705597
  ]
}