{
  "train_losses": [
    5.553258155163802,
    4.502861452459967,
    4.123557851596963,
    3.8524628605307663,
    3.639345834841747,
    3.4620404960469435,
    3.3126125470717813,
    3.180309798321158,
    3.062734905626205,
    2.952258532690565
  ],
  "valid_losses": [
    4.5315363573508805,
    4.0706848452038535,
    3.75908157316116,
    3.535181781272027,
    3.357384022440749,
    3.226849401874509,
    3.0970490182493964,
    2.9944020396782736,
    2.8982319518618205,
    2.8252660702150703
  ]
}